Form Numbers,Sample IDs
946666,
963578,
1089915,
1089917,
1537069,
361022,
1119311,
981818,
739148,
1093266,
1157037,
990698,
1175815,
1157043,
517756,
685049,
1162762,
809697,
893690,
76319,
983044,
840943,
1948552,
917611,
620312,
1561647,
420232,
1177418,
1087802,
864867,
245969,
899998,
737333,
913249,
737330r,
1061956,
925876,
925819,
925817,
925866,
925864,
898050,
1086915,
1086916,
1063531,
837282,
1069529,
1566232,
1022134,
1588820,
647038r,
909129,
1146249,
1146247,
1146248,
1086784,
1086778,
1016713,
1016712,
1016711,
1587898,
1584094,
128404820,
1284820,
0324140,
0324136,
1078073,
979020,
1836703,
1487885,
1215674,
671367,
682938,
727550,
890070,
1587555,
1589684,
1590909,
1542101,
1545703,
690563,
1561687,
1563022,
1194620,
1561662,
929525,
928416,
750447,
1004233,
1004235,
1004185,
1948632,
1531573,
1187822,
1187827,
526721,
800297,
0526698,
1166632,
1186630,
1417767,
1417653,
1468128,
1468132,
270599,
955552,
1282352,
923282,
1537694,
1462174,
930539,
1534974,
1534988,
1076506,
840021,
841441,
1583152,
746416,
1566541,
1412418,
1564350,
0248457,
1544762,
1540222,
1125188,
1540229,
1505591,
1468610,
1544777,
1142682,
0441214,
